{"confusion_matrix": [[4466, 534], [465, 4535]], "classification_report": {"neg": {"precision": 0.9056986412492395, "recall": 0.8932, "f1-score": 0.8994059007149331, "support": 5000}, "pos": {"precision": 0.8946537778654567, "recall": 0.907, "f1-score": 0.9007845863541563, "support": 5000}, "micro avg": {"precision": 0.9001, "recall": 0.9001, "f1-score": 0.9001, "support": 10000}, "macro avg": {"precision": 0.9001762095573481, "recall": 0.9001, "f1-score": 0.9000952435345446, "support": 10000}, "weighted avg": {"precision": 0.9001762095573482, "recall": 0.9001, "f1-score": 0.9000952435345447, "support": 10000}}, "elapsed_time": 0.7256226539611816}